{
	"credit": "Made with Blockbench",
	"texture_size": [8, 8],
	"textures": {
		"0": "template:item/1texture",
		"2": "template:item/2texture",
		"4": "template:item/kedluben5"
	},
	"elements": [
		{
			"from": [6, 0, 6],
			"to": [10, 6, 10],
			"rotation": {"angle": 0, "axis": "y", "origin": [8, 0, 8]},
			"faces": {
				"north": {"uv": [0, 0, 2, 3], "texture": "#0"},
				"east": {"uv": [2, 0, 4, 3], "texture": "#0"},
				"south": {"uv": [0, 3, 2, 6], "texture": "#0"},
				"west": {"uv": [2, 3, 4, 6], "texture": "#0"},
				"up": {"uv": [6, 2, 4, 0], "texture": "#0"},
				"down": {"uv": [6, 2, 4, 4], "texture": "#0"}
			}
		},
		{
			"from": [6.25, 5.5, 6.25],
			"to": [9.75, 6.25, 9.75],
			"rotation": {"angle": 0, "axis": "y", "origin": [8, 5.5, 8]},
			"faces": {
				"north": {"uv": [8, 6, 9.75, 6.375], "texture": "#0"},
				"east": {"uv": [6.5, 8, 8.25, 8.375], "texture": "#0"},
				"south": {"uv": [8, 6.5, 9.75, 6.875], "texture": "#0"},
				"west": {"uv": [8.5, 0, 10.25, 0.375], "texture": "#0"},
				"up": {"uv": [5.75, 5.75, 4, 4], "texture": "#0"},
				"down": {"uv": [1.75, 6, 0, 7.75], "texture": "#0"}
			}
		},
		{
			"from": [6.5, 5.75, 6.5],
			"to": [9.5, 6.75, 9.5],
			"rotation": {"angle": 0, "axis": "y", "origin": [8, 5.75, 8]},
			"faces": {
				"north": {"uv": [7, 5, 8.5, 5.5], "texture": "#0"},
				"east": {"uv": [8, 4, 9.5, 4.5], "texture": "#0"},
				"south": {"uv": [8, 4.5, 9.5, 5], "texture": "#0"},
				"west": {"uv": [8, 5.5, 9.5, 6], "texture": "#0"},
				"up": {"uv": [7.5, 1.5, 6, 0], "texture": "#0"},
				"down": {"uv": [7.5, 1.5, 6, 3], "texture": "#0"}
			}
		},
		{
			"from": [6.75, 6, 6.75],
			"to": [9.25, 7.5, 9.25],
			"rotation": {"angle": 0, "axis": "y", "origin": [8, 6, 8]},
			"faces": {
				"north": {"uv": [5, 7.5, 6.25, 8.25], "texture": "#0"},
				"east": {"uv": [7.5, 7, 8.75, 7.75], "texture": "#0"},
				"south": {"uv": [0, 8, 1.25, 8.75], "texture": "#0"},
				"west": {"uv": [8, 3, 9.25, 3.75], "texture": "#0"},
				"up": {"uv": [6.25, 7.25, 5, 6], "texture": "#0"},
				"down": {"uv": [7.75, 5.5, 6.5, 6.75], "texture": "#0"}
			}
		},
		{
			"from": [7, 6.5, 7],
			"to": [9, 8.5, 9],
			"rotation": {"angle": 0, "axis": "y", "origin": [8, 6.5, 8]},
			"faces": {
				"north": {"uv": [7, 3, 8, 4], "texture": "#0"},
				"east": {"uv": [7, 4, 8, 5], "texture": "#0"},
				"south": {"uv": [6.5, 7, 7.5, 8], "texture": "#0"},
				"west": {"uv": [7.5, 0, 8.5, 1], "texture": "#0"},
				"up": {"uv": [8.5, 2, 7.5, 1], "texture": "#0"},
				"down": {"uv": [8.5, 2, 7.5, 3], "texture": "#0"}
			}
		},
		{
			"from": [7.25, 6.25, 7.25],
			"to": [8.75, 10.75, 8.75],
			"rotation": {"angle": 0, "axis": "y", "origin": [8, 6.25, 8]},
			"faces": {
				"north": {"uv": [2, 6, 2.75, 8.25], "texture": "#0"},
				"east": {"uv": [3, 6, 3.75, 8.25], "texture": "#0"},
				"south": {"uv": [6, 3, 6.75, 5.25], "texture": "#0"},
				"west": {"uv": [4, 6, 4.75, 8.25], "texture": "#0"},
				"up": {"uv": [9.25, 1.25, 8.5, 0.5], "texture": "#0"},
				"down": {"uv": [2.25, 8.5, 1.5, 9.25], "texture": "#0"}
			}
		},
		{
			"from": [7.2, 10.55, 7.2],
			"to": [8.8, 10.85, 8.8],
			"rotation": {"angle": 0, "axis": "y", "origin": [8, 10.55, 8]},
			"faces": {
				"north": {"uv": [8.5, 2.5, 9.25, 2.625], "texture": "#0"},
				"east": {"uv": [3.5, 8.5, 4.25, 8.625], "texture": "#0"},
				"south": {"uv": [4.5, 8.5, 5.25, 8.625], "texture": "#0"},
				"west": {"uv": [8.5, 5, 9.25, 5.125], "texture": "#0"},
				"up": {"uv": [9.25, 2.25, 8.5, 1.5], "texture": "#0"},
				"down": {"uv": [3.25, 8.5, 2.5, 9.25], "texture": "#0"}
			}
		},
		{
			"name": "kedluben4_0",
			"from": [6.75, 2.75, 5.99],
			"to": [9.25, 5.25, 10.01],
			"rotation": {"angle": 0, "axis": "y", "origin": [6.75, 2.75, 6]},
			"faces": {
				"north": {"uv": [16, 0, 0, 16], "texture": "#4"},
				"east": {"uv": [15.5, 0, 16, 16], "texture": "#4"},
				"south": {"uv": [0, 0, 16, 16], "texture": "#4"},
				"west": {"uv": [0, 0, 0.5, 16], "texture": "#4"},
				"up": {"uv": [0, 0, 16, 0.5], "texture": "#4"},
				"down": {"uv": [0, 15.5, 16, 16], "texture": "#4"}
			}
		},
		{
			"from": [8.1, 10.75, 8.1],
			"to": [8.55, 13, 8.55],
			"rotation": {"angle": 0, "axis": "y", "origin": [7, 10.75, 7]},
			"faces": {
				"north": {"uv": [0, 0, 0.875, 4.5], "texture": "#2"},
				"east": {"uv": [2, 0, 2.875, 4.5], "texture": "#2"},
				"south": {"uv": [4, 0, 4.875, 4.5], "texture": "#2"},
				"west": {"uv": [0, 6, 0.875, 10.5], "texture": "#2"},
				"up": {"uv": [6.875, 0.875, 6, 0], "texture": "#2"},
				"down": {"uv": [2.875, 6, 2, 6.875], "texture": "#2"}
			}
		}
	],
	"display": {
		"thirdperson_righthand": {
			"scale": [0.92773, 0.92773, 0.92773]
		},
		"firstperson_righthand": {
			"translation": [0, 7.25, 0]
		},
		"firstperson_lefthand": {
			"translation": [0, 7.25, 0]
		},
		"ground": {
			"translation": [0, 2.25, 0],
			"scale": [1, 0.69531, 1]
		},
		"gui": {
			"translation": [0, 1.75, 0],
			"scale": [1.17383, 1.17383, 1.17383]
		},
		"head": {
			"translation": [0, 13.25, 0],
			"scale": [4, 1, 3.99219]
		},
		"fixed": {
			"translation": [0, 11.5, 0],
			"scale": [4, 4, 4]
		}
	},
	"groups": [
		0,
		1,
		2,
		3,
		4,
		5,
		6,
		{
			"name": "myhead",
			"origin": [8, 8, 8],
			"color": 0,
			"children": []
		},
		{
			"name": "kedluben",
			"origin": [8, 8, 8],
			"color": 0,
			"children": []
		},
		{
			"name": "kedluben2",
			"origin": [8, 8, 8],
			"color": 0,
			"children": []
		},
		{
			"name": "kedluben3",
			"origin": [8, 8, 8],
			"color": 0,
			"children": []
		},
		{
			"name": "kedluben4",
			"origin": [8, 8, 8],
			"color": 0,
			"children": [7]
		},
		8
	]
}